<?xml version="1.0" encoding="UTF-8"?>

<spring:beans xmlns:spring="http://www.springframework.org/schema/beans"
	xmlns:context="http://www.springframework.org/schema/context"
    xmlns:mvc="http://www.springframework.org/schema/mvc"
	xmlns:xsi="http://www.w3.org/2001/XMLSchema-instance"
	xsi:schemaLocation="http://www.springframework.org/schema/beans
	http://www.springframework.org/schema/beans/spring-beans.xsd
	http://www.springframework.org/schema/context
    http://www.springframework.org/schema/context/spring-context-3.0.xsd
    http://www.springframework.org/schema/mvc
    http://www.springframework.org/schema/mvc/spring-mvc-3.0.xsd">
	
	<!-- <bean name="/hello.ds"
		class="com.springmvclearn.controller.HelloController" /> -->

    <spring:bean id="viewResolver"
    	class="org.springframework.web.servlet.view.InternalResourceViewResolver" >
        <spring:property name="prefix">
            <spring:value>/WEB-INF/pages/</spring:value>
        </spring:property>
        <spring:property name="suffix">
            <spring:value>.jsp</spring:value>
        </spring:property>
    </spring:bean>
	
	<context:component-scan base-package="com.springmvclearn.controller"></context:component-scan>
	<context:component-scan base-package="com.springmvclearn.service"></context:component-scan>
	<context:component-scan base-package="com.springmvclearn.dao"></context:component-scan>
	<mvc:annotation-driven></mvc:annotation-driven>
	
	<mvc:resources mapping="/resources/**" location="/resources/" cache-period="31556926"/>
</spring:beans>	

